행정동_코드,지역명,2023,2024,2025,3년_증감
11110515,종로구 청운효자동,3,2,3,0
11110530,종로구 사직동,3,3,4,1
11110540,종로구 삼청동,1,1,1,0
11110550,종로구 부암동,2,4,4,2
11110560,종로구 평창동,3,3,2,-1
11110570,종로구 무악동,0,0,0,0
11110580,종로구 교남동,5,5,5,0
11110600,종로구 가회동,1,1,1,0
11110615,종로구 종로1.2.3.4가동,21,24,26,5
11110630,종로구 종로5.6가동,6,4,3,-3
11110640,종로구 이화동,2,4,4,2
11110650,종로구 혜화동,6,7,7,1
11110670,종로구 창신1동,1,0,1,0
11110680,종로구 창신2동,0,0,0,0
11110690,종로구 창신3동,0,0,0,0
11110700,종로구 숭인1동,4,4,4,0
11110710,종로구 숭인2동,2,3,2,0
11140520,중구 소공동,11,11,10,-1
11140540,중구 회현동,22,22,20,-2
11140550,중구 명동,32,28,30,-2
11140570,중구 필동,4,4,4,0
11140580,중구 장충동,2,2,2,0
11140590,중구 광희동,11,9,9,-2
11140605,중구 을지로동,5,6,7,2
11140615,중구 신당동,6,6,6,0
11140625,중구 다산동,0,0,0,0
11140635,중구 약수동,5,4,2,-3
11140645,중구 청구동,1,1,1,0
11140650,중구 신당5동,1,1,1,0
11140665,중구 동화동,3,3,3,0
11140670,중구 황학동,3,1,1,-2
11140680,중구 중림동,1,1,1,0
11170510,용산구 후암동,6,5,3,-3
11170520,용산구 용산2가동,4,4,4,0
11170530,용산구 남영동,9,11,12,3
11170555,용산구 청파동,4,4,3,-1
11170560,용산구 원효로1동,9,9,8,-1
11170570,용산구 원효로2동,3,3,4,1
11170580,용산구 효창동,2,2,2,0
11170590,용산구 용문동,2,2,2,0
11170625,용산구 한강로동,19,14,14,-5
11170630,용산구 이촌1동,6,4,4,-2
11170640,용산구 이촌2동,2,2,1,-1
11170650,용산구 이태원1동,6,6,7,1
11170660,용산구 이태원2동,4,4,4,0
11170685,용산구 한남동,5,4,4,-1
11170690,용산구 서빙고동,9,9,9,0
11170700,용산구 보광동,1,1,1,0
11200520,성동구 왕십리2동,2,1,1,-1
11200535,성동구 왕십리도선동,10,9,10,0
11200540,성동구 마장동,3,3,4,1
11200550,성동구 사근동,12,12,13,1
11200560,성동구 행당1동,9,7,8,-1
11200570,성동구 행당2동,2,1,1,-1
11200580,성동구 응봉동,1,1,1,0
11200590,성동구 금호1가동,2,2,2,0
11200615,성동구 금호2.3가동,4,8,9,5
11200620,성동구 금호4가동,3,3,3,0
11200645,성동구 옥수동,3,4,4,1
11200650,성동구 성수1가1동,2,1,2,0
11200660,성동구 성수1가2동,8,5,6,-2
11200670,성동구 성수2가1동,3,3,4,1
11200690,성동구 성수2가3동,8,8,8,0
11200720,성동구 송정동,1,1,1,0
11200790,성동구 용답동,5,6,6,1
11215710,광진구 화양동,23,23,22,-1
11215730,광진구 군자동,9,9,9,0
11215740,광진구 중곡1동,3,4,4,1
11215750,광진구 중곡2동,10,6,5,-5
11215760,광진구 중곡3동,3,1,1,-2
11215770,광진구 중곡4동,4,4,4,0
11215780,광진구 능동,5,5,5,0
11215810,광진구 광장동,3,3,4,1
11215820,광진구 자양1동,3,3,3,0
11215830,광진구 자양2동,10,11,10,0
11215840,광진구 자양3동,6,4,4,-2
11215847,광진구 자양4동,6,6,7,1
11215850,광진구 구의1동,6,6,7,1
11215860,광진구 구의2동,5,6,6,1
11215870,광진구 구의3동,8,11,13,5
11230536,동대문구 용신동,15,17,16,1
11230545,동대문구 제기동,2,2,2,0
11230560,동대문구 전농1동,11,9,9,-2
11230570,동대문구 전농2동,3,5,5,2
11230600,동대문구 답십리1동,7,7,6,-1
11230610,동대문구 답십리2동,4,5,5,1
11230650,동대문구 장안1동,13,13,13,0
11230660,동대문구 장안2동,9,8,7,-2
11230705,동대문구 청량리동,6,7,6,0
11230710,동대문구 회기동,5,6,5,0
11230720,동대문구 휘경1동,9,9,8,-1
11230730,동대문구 휘경2동,2,2,2,0
11230740,동대문구 이문1동,8,7,6,-2
11230750,동대문구 이문2동,4,4,4,0
11260520,중랑구 면목2동,5,7,7,2
11260540,중랑구 면목4동,4,4,4,0
11260550,중랑구 면목5동,1,1,1,0
11260565,중랑구 면목본동,5,6,5,0
11260570,중랑구 면목7동,4,5,5,1
11260575,중랑구 면목3.8동,5,4,2,-3
11260580,중랑구 상봉1동,13,13,14,1
11260590,중랑구 상봉2동,7,8,8,1
11260600,중랑구 중화1동,2,4,4,2
11260610,중랑구 중화2동,3,2,3,0
11260620,중랑구 묵1동,4,6,5,1
11260630,중랑구 묵2동,2,1,1,-1
11260655,중랑구 망우본동,14,16,14,0
11260660,중랑구 망우3동,1,1,1,0
11260680,중랑구 신내1동,6,7,7,1
11260690,중랑구 신내2동,1,1,1,0
11290525,성북구 성북동,6,6,7,1
11290555,성북구 삼선동,5,4,4,-1
11290575,성북구 동선동,6,6,7,1
11290580,성북구 돈암1동,2,2,2,0
11290590,성북구 돈암2동,2,2,2,0
11290600,성북구 안암동,8,8,8,0
11290610,성북구 보문동,2,2,2,0
11290620,성북구 정릉1동,4,4,4,0
11290630,성북구 정릉2동,4,3,3,-1
11290640,성북구 정릉3동,2,2,3,1
11290650,성북구 정릉4동,3,3,3,0
11290660,성북구 길음1동,4,3,3,-1
11290685,성북구 길음2동,2,2,2,0
11290705,성북구 종암동,0,0,0,0
11290715,성북구 월곡1동,3,3,3,0
11290725,성북구 월곡2동,5,5,7,2
11290760,성북구 장위1동,0,0,0,0
11290770,성북구 장위2동,1,1,1,0
11290780,성북구 장위3동,1,1,2,1
11290810,성북구 석관동,5,5,5,0
11305534,강북구 삼양동,1,1,0,-1
11305535,강북구 미아동,8,9,8,0
11305545,강북구 송중동,7,6,6,-1
11305555,강북구 송천동,6,7,7,1
11305575,강북구 삼각산동,2,1,2,0
11305595,강북구 번1동,6,7,7,1
11305603,강북구 번2동,1,2,2,1
11305608,강북구 번3동,3,3,4,1
11305615,강북구 수유1동,10,10,11,1
11305625,강북구 수유2동,4,4,4,0
11305635,강북구 수유3동,8,6,6,-2
11305645,강북구 우이동,4,6,6,2
11305660,강북구 인수동,5,4,5,0
11320511,도봉구 창1동,2,2,2,0
11320512,도봉구 창2동,5,5,5,0
11320513,도봉구 창3동,3,3,2,-1
11320514,도봉구 창4동,6,6,6,0
11320515,도봉구 창5동,8,10,11,3
11320521,도봉구 도봉1동,9,7,5,-4
11320522,도봉구 도봉2동,2,2,1,-1
11320660,도봉구 쌍문1동,4,6,6,2
11320670,도봉구 쌍문2동,2,1,1,-1
11320680,도봉구 쌍문3동,4,3,3,-1
11320681,도봉구 쌍문4동,3,3,2,-1
11320690,도봉구 방학1동,5,6,7,2
11320700,도봉구 방학2동,6,4,4,-2
11320710,도봉구 방학3동,3,3,3,0
11350560,노원구 월계1동,12,13,12,0
11350570,노원구 월계2동,3,2,0,-3
11350580,노원구 월계3동,2,3,3,1
11350595,노원구 공릉1동,6,6,6,0
11350600,노원구 공릉2동,14,13,11,-3
11350611,노원구 하계1동,6,6,6,0
11350612,노원구 하계2동,1,1,2,1
11350619,노원구 중계본동,3,3,2,-1
11350621,노원구 중계1동,3,3,3,0
11350624,노원구 중계4동,4,6,5,1
11350625,노원구 중계2.3동,0,0,0,0
11350630,노원구 상계1동,3,3,2,-1
11350640,노원구 상계2동,4,4,4,0
11350665,노원구 상계3.4동,5,4,5,0
11350670,노원구 상계5동,5,4,2,-3
11350695,노원구 상계6.7동,8,6,6,-2
11350700,노원구 상계8동,0,0,0,0
11350710,노원구 상계9동,1,1,1,0
11350720,노원구 상계10동,1,1,1,0
11380510,은평구 녹번동,8,8,8,0
11380520,은평구 불광1동,6,8,8,2
11380530,은평구 불광2동,1,1,1,0
11380551,은평구 갈현1동,7,5,5,-2
11380552,은평구 갈현2동,5,7,5,0
11380560,은평구 구산동,2,2,2,0
11380570,은평구 대조동,7,6,7,0
11380580,은평구 응암1동,4,6,5,1
11380590,은평구 응암2동,4,4,2,-2
11380600,은평구 응암3동,11,10,10,-1
11380625,은평구 역촌동,10,11,9,-1
11380631,은평구 신사1동,3,3,2,-1
11380632,은평구 신사2동,5,4,4,-1
11380640,은평구 증산동,5,5,6,1
11380650,은평구 수색동,3,3,2,-1
11380690,은평구 진관동,5,7,8,3
11410520,서대문구 천연동,3,2,2,-1
11410555,서대문구 북아현동,0,0,0,0
11410565,서대문구 충현동,7,10,9,2
11410585,서대문구 신촌동,30,19,15,-15
11410615,서대문구 연희동,11,12,10,-1
11410620,서대문구 홍제1동,2,0,0,-2
11410640,서대문구 홍제3동,3,3,2,-1
11410655,서대문구 홍제2동,4,4,3,-1
11410660,서대문구 홍은1동,3,3,3,0
11410685,서대문구 홍은2동,7,7,8,1
11410690,서대문구 남가좌1동,3,3,3,0
11410700,서대문구 남가좌2동,3,4,4,1
11410710,서대문구 북가좌1동,2,2,2,0
11410720,서대문구 북가좌2동,4,4,6,2
11440555,마포구 아현동,3,3,3,0
11440565,마포구 공덕동,10,10,9,-1
11440585,마포구 도화동,5,6,7,2
11440590,마포구 용강동,7,8,7,0
11440600,마포구 대흥동,4,4,4,0
11440610,마포구 염리동,6,7,6,0
11440630,마포구 신수동,1,1,1,0
11440655,마포구 서강동,8,11,12,4
11440660,마포구 서교동,36,41,41,5
11440680,마포구 합정동,9,8,9,0
11440690,마포구 망원1동,10,10,8,-2
11440700,마포구 망원2동,4,4,3,-1
11440710,마포구 연남동,10,8,8,-2
11440720,마포구 성산1동,6,8,9,3
11440730,마포구 성산2동,6,5,6,0
11440740,마포구 상암동,14,13,12,-2
11470510,양천구 목1동,11,10,10,-1
11470520,양천구 목2동,10,10,9,-1
11470530,양천구 목3동,4,6,6,2
11470540,양천구 목4동,9,9,6,-3
11470550,양천구 목5동,2,2,1,-1
11470560,양천구 신월1동,4,5,6,2
11470570,양천구 신월2동,1,1,1,0
11470580,양천구 신월3동,1,0,0,-1
11470590,양천구 신월4동,3,3,3,0
11470600,양천구 신월5동,5,4,4,-1
11470610,양천구 신월6동,1,3,3,2
11470611,양천구 신월7동,4,4,4,0
11470620,양천구 신정1동,2,3,3,1
11470630,양천구 신정2동,3,5,4,1
11470640,양천구 신정3동,5,5,7,2
11470650,양천구 신정4동,15,15,16,1
11470670,양천구 신정6동,6,7,8,2
11470680,양천구 신정7동,2,2,1,-1
11500510,강서구 염창동,12,12,12,0
11500520,강서구 등촌1동,4,4,3,-1
11500530,강서구 등촌2동,3,4,4,1
11500535,강서구 등촌3동,9,9,10,1
11500540,강서구 화곡1동,13,13,9,-4
11500550,강서구 화곡2동,2,1,2,0
11500560,강서구 화곡3동,6,3,2,-4
11500570,강서구 화곡4동,2,3,3,1
11500590,강서구 화곡본동,8,10,10,2
11500591,강서구 화곡6동,10,10,7,-3
11500593,강서구 화곡8동,4,5,6,2
11500603,강서구 가양1동,18,20,18,0
11500604,강서구 가양2동,3,2,2,-1
11500605,강서구 가양3동,4,4,4,0
11500611,강서구 발산1동,6,6,6,0
11500615,강서구 우장산동,15,12,10,-5
11500620,강서구 공항동,13,13,13,0
11500630,강서구 방화1동,10,11,12,2
11500640,강서구 방화2동,8,10,8,0
11500641,강서구 방화3동,6,5,5,-1
11530510,구로구 신도림동,12,14,13,1
11530520,구로구 구로1동,2,4,4,2
11530530,구로구 구로2동,9,10,10,1
11530540,구로구 구로3동,14,13,13,-1
11530550,구로구 구로4동,9,9,9,0
11530560,구로구 구로5동,8,9,9,1
11530595,구로구 가리봉동,5,5,5,0
11530720,구로구 고척1동,5,5,4,-1
11530730,구로구 고척2동,3,4,4,1
11530740,구로구 개봉1동,6,7,7,1
11530750,구로구 개봉2동,4,4,4,0
11530760,구로구 개봉3동,0,0,0,0
11530770,구로구 오류1동,7,10,8,1
11530780,구로구 오류2동,5,9,8,3
11530790,구로구 수궁동,7,7,8,1
11530800,구로구 항동,2,2,2,0
11545510,금천구 가산동,26,25,26,0
11545610,금천구 독산1동,9,9,9,0
11545620,금천구 독산2동,4,4,4,0
11545630,금천구 독산3동,4,3,2,-2
11545640,금천구 독산4동,2,2,2,0
11545670,금천구 시흥1동,5,6,3,-2
11545680,금천구 시흥2동,0,3,3,3
11545690,금천구 시흥3동,2,1,0,-2
11545700,금천구 시흥4동,1,1,1,0
11545710,금천구 시흥5동,3,2,2,-1
11560515,영등포구 영등포본동,10,11,11,1
11560535,영등포구 영등포동,16,13,12,-4
11560540,영등포구 여의동,38,40,39,1
11560550,영등포구 당산1동,11,14,13,2
11560560,영등포구 당산2동,11,9,10,-1
11560585,영등포구 도림동,5,3,4,-1
11560605,영등포구 문래동,7,13,11,4
11560610,영등포구 양평1동,9,8,9,0
11560620,영등포구 양평2동,10,9,11,1
11560630,영등포구 신길1동,7,10,8,1
11560650,영등포구 신길3동,4,4,4,0
11560660,영등포구 신길4동,2,4,3,1
11560670,영등포구 신길5동,0,2,2,2
11560680,영등포구 신길6동,7,7,4,-3
11560690,영등포구 신길7동,5,4,4,-1
11560700,영등포구 대림1동,2,2,2,0
11560710,영등포구 대림2동,9,6,5,-4
11560720,영등포구 대림3동,8,12,11,3
11590510,동작구 노량진1동,6,5,5,-1
11590520,동작구 노량진2동,1,1,1,0
11590530,동작구 상도1동,11,10,10,-1
11590540,동작구 상도2동,6,5,4,-2
11590550,동작구 상도3동,3,3,3,0
11590560,동작구 상도4동,0,0,1,1
11590605,동작구 흑석동,9,8,7,-2
11590620,동작구 사당1동,4,4,3,-1
11590630,동작구 사당2동,6,5,5,-1
11590640,동작구 사당3동,1,1,1,0
11590650,동작구 사당4동,0,0,0,0
11590651,동작구 사당5동,2,2,2,0
11590660,동작구 대방동,8,6,6,-2
11590670,동작구 신대방1동,2,2,1,-1
11590680,동작구 신대방2동,5,5,4,-1
11620525,관악구 보라매동,4,5,5,1
11620545,관악구 청림동,1,0,0,-1
11620565,관악구 성현동,3,3,3,0
11620575,관악구 행운동,4,4,5,1
11620585,관악구 낙성대동,6,3,2,-4
11620595,관악구 청룡동,7,6,6,-1
11620605,관악구 은천동,4,4,4,0
11620615,관악구 중앙동,5,5,6,1
11620625,관악구 인헌동,8,5,6,-2
11620630,관악구 남현동,5,5,5,0
11620645,관악구 서원동,5,7,6,1
11620655,관악구 신원동,2,2,2,0
11620665,관악구 서림동,7,8,7,0
11620685,관악구 신사동,6,5,5,-1
11620695,관악구 신림동,6,6,4,-2
11620715,관악구 난향동,0,2,0,0
11620725,관악구 조원동,3,3,4,1
11620735,관악구 대학동,10,8,7,-3
11620745,관악구 삼성동,0,0,0,0
11620765,관악구 미성동,3,3,5,2
11620775,관악구 난곡동,7,9,5,-2
11650510,서초구 서초1동,6,6,6,0
11650520,서초구 서초2동,9,8,9,0
11650530,서초구 서초3동,19,22,21,2
11650531,서초구 서초4동,13,12,12,-1
11650540,서초구 잠원동,5,7,6,1
11650550,서초구 반포본동,2,2,2,0
11650560,서초구 반포1동,3,3,3,0
11650570,서초구 반포2동,3,3,3,0
11650580,서초구 반포3동,2,2,2,0
11650581,서초구 반포4동,10,8,7,-3
11650590,서초구 방배본동,6,5,4,-2
11650600,서초구 방배1동,5,4,4,-1
11650610,서초구 방배2동,8,9,9,1
11650620,서초구 방배3동,5,5,5,0
11650621,서초구 방배4동,6,6,4,-2
11650651,서초구 양재1동,15,8,10,-5
11650652,서초구 양재2동,15,13,10,-5
11650660,서초구 내곡동,5,5,4,-1
11680510,강남구 신사동,9,8,10,1
11680521,강남구 논현1동,23,22,17,-6
11680531,강남구 논현2동,18,16,13,-5
11680545,강남구 압구정동,9,7,7,-2
11680565,강남구 청담동,16,16,13,-3
11680580,강남구 삼성1동,19,18,16,-3
11680590,강남구 삼성2동,16,15,15,-1
11680600,강남구 대치1동,8,6,4,-4
11680610,강남구 대치2동,15,15,15,0
11680630,강남구 대치4동,25,22,22,-3
11680640,강남구 역삼1동,51,44,43,-8
11680650,강남구 역삼2동,18,16,13,-5
11680655,강남구 도곡1동,9,7,7,-2
11680656,강남구 도곡2동,9,9,8,-1
11680660,강남구 개포1동,0,0,0,0
11680670,강남구 개포2동,7,7,6,-1
11680690,강남구 개포4동,6,6,5,-1
11680700,강남구 세곡동,6,8,7,1
11680720,강남구 일원본동,4,5,5,1
11680730,강남구 일원1동,2,1,1,-1
11680740,강남구 일원2동,1,1,1,0
11680750,강남구 수서동,7,6,6,-1
11710510,송파구 풍납1동,3,3,1,-2
11710520,송파구 풍납2동,5,7,7,2
11710531,송파구 거여1동,3,2,1,-2
11710532,송파구 거여2동,3,2,2,-1
11710540,송파구 마천1동,7,7,6,-1
11710550,송파구 마천2동,5,5,5,0
11710561,송파구 방이1동,8,6,5,-3
11710562,송파구 방이2동,13,15,14,1
11710566,송파구 오륜동,5,4,5,0
11710570,송파구 오금동,8,9,8,0
11710580,송파구 송파1동,9,13,12,3
11710590,송파구 송파2동,7,9,8,1
11710600,송파구 석촌동,11,10,10,-1
11710610,송파구 삼전동,14,11,9,-5
11710620,송파구 가락본동,13,12,12,-1
11710631,송파구 가락1동,1,1,1,0
11710632,송파구 가락2동,4,4,4,0
11710641,송파구 문정1동,4,4,4,0
11710642,송파구 문정2동,20,22,24,4
11710646,송파구 장지동,6,5,5,-1
11710647,송파구 위례동,5,5,6,1
11710650,송파구 잠실본동,20,15,15,-5
11710670,송파구 잠실2동,2,2,3,1
11710680,송파구 잠실3동,10,9,9,-1
11710690,송파구 잠실4동,1,1,1,0
11710710,송파구 잠실6동,10,8,9,-1
11710720,송파구 잠실7동,0,0,0,0
11740515,강동구 강일동,12,13,14,2
11740520,강동구 상일동,5,4,4,-1
11740530,강동구 명일1동,4,4,4,0
11740540,강동구 명일2동,4,5,5,1
11740550,강동구 고덕1동,3,2,1,-2
11740560,강동구 고덕2동,6,5,5,-1
11740570,강동구 암사1동,10,8,4,-6
11740580,강동구 암사2동,3,5,4,1
11740590,강동구 암사3동,0,0,0,0
11740600,강동구 천호1동,3,4,3,0
11740610,강동구 천호2동,15,14,13,-2
11740620,강동구 천호3동,5,6,6,1
11740640,강동구 성내1동,5,4,5,0
11740650,강동구 성내2동,2,4,4,2
11740660,강동구 성내3동,5,5,5,0
11740685,강동구 길동,15,14,11,-4
11740690,강동구 둔촌1동,1,1,1,0
11740700,강동구 둔촌2동,7,7,5,-2
